Lead_Source,Lead_Count,Budget_Allocation
Collaboration,7047,14094.000000000002
College,7127,14254.0
Google Form,7127,14254.0
Instagram,7144,14288.0
LinkedIn,7150,14299.999999999998
Mass-Mailing,7134,14268.0
WhatsApp,7271,14542.0
